task_name,try_idx,difficulty,goal,success,expanded_num,act_num,action_lib_num,condition_lib_num,feedback_times,is_after_feedback,error
task6,1,easy,"In(wine,fridge)",False,64,0,5,6,0,False,
task6,1,medium,"In(book,cabinet) & In(pen,cabinet)  & IsOpened(fridge)",False,1396,0,5,6,0,False,
task6,1,hard,"In(banana,fridge)  & IsClosed(fridge) & IsClosed(cabinet) & On(book,breakfast_table)",False,663,0,5,6,0,False,
task6,1,easy,"In(wine,fridge)",False,37,0,9,6,1,True,
task6,1,medium,"In(book,cabinet) & In(pen,cabinet)  & IsOpened(fridge)",False,849,0,9,6,1,True,
task6,1,hard,"In(banana,fridge)  & IsClosed(fridge) & IsClosed(cabinet) & On(book,breakfast_table)",False,430,0,9,6,1,True,
task6,1,easy,"In(wine,fridge)",False,-1,-1,9,6,2,True,unsupported operand type(s) for |: 'set' and 'tuple'
task6,1,medium,"In(book,cabinet) & In(pen,cabinet)  & IsOpened(fridge)",False,-1,-1,9,6,2,True,unsupported operand type(s) for |: 'set' and 'tuple'
task6,1,hard,"In(banana,fridge)  & IsClosed(fridge) & IsClosed(cabinet) & On(book,breakfast_table)",False,-1,-1,9,6,2,True,unsupported operand type(s) for |: 'set' and 'tuple'
task6,1,easy,"In(wine,fridge)",False,58,0,5,6,3,True,
task6,1,medium,"In(book,cabinet) & In(pen,cabinet)  & IsOpened(fridge)",False,1253,0,5,6,3,True,
task6,1,hard,"In(banana,fridge)  & IsClosed(fridge) & IsClosed(cabinet) & On(book,breakfast_table)",False,499,0,5,6,3,True,
task6,2,easy,"In(wine,fridge)",False,30,0,6,6,0,False,
task6,2,medium,"In(book,cabinet) & In(pen,cabinet)  & IsOpened(fridge)",True,344,6,6,6,0,False,
task6,2,hard,"In(banana,fridge)  & IsClosed(fridge) & IsClosed(cabinet) & On(book,breakfast_table)",True,1053,6,6,6,0,False,
task6,2,easy,"In(wine,fridge)",True,51,3,9,6,1,True,
task6,2,medium,"In(book,cabinet) & In(pen,cabinet)  & IsOpened(fridge)",True,1160,6,9,6,1,True,
task6,2,hard,"In(banana,fridge)  & IsClosed(fridge) & IsClosed(cabinet) & On(book,breakfast_table)",True,1815,6,9,6,1,True,
task6,3,easy,"In(wine,fridge)",False,4,0,5,6,0,False,
task6,3,medium,"In(book,cabinet) & In(pen,cabinet)  & IsOpened(fridge)",False,59,0,5,6,0,False,
task6,3,hard,"In(banana,fridge)  & IsClosed(fridge) & IsClosed(cabinet) & On(book,breakfast_table)",False,171,0,5,6,0,False,
task6,3,easy,"In(wine,fridge)",True,61,3,6,6,1,True,
task6,3,medium,"In(book,cabinet) & In(pen,cabinet)  & IsOpened(fridge)",True,458,6,6,6,1,True,
task6,3,hard,"In(banana,fridge)  & IsClosed(fridge) & IsClosed(cabinet) & On(book,breakfast_table)",True,1076,6,6,6,1,True,
task6,4,easy,"In(wine,fridge)",False,39,0,5,6,0,False,
task6,4,medium,"In(book,cabinet) & In(pen,cabinet)  & IsOpened(fridge)",False,538,0,5,6,0,False,
task6,4,hard,"In(banana,fridge)  & IsClosed(fridge) & IsClosed(cabinet) & On(book,breakfast_table)",False,335,0,5,6,0,False,
task6,4,easy,"In(wine,fridge)",False,1,0,5,6,1,True,
task6,4,medium,"In(book,cabinet) & In(pen,cabinet)  & IsOpened(fridge)",False,3,0,5,6,1,True,
task6,4,hard,"In(banana,fridge)  & IsClosed(fridge) & IsClosed(cabinet) & On(book,breakfast_table)",False,13,0,5,6,1,True,
task6,4,easy,"In(wine,fridge)",False,1,0,5,6,2,True,
task6,4,medium,"In(book,cabinet) & In(pen,cabinet)  & IsOpened(fridge)",False,3,0,5,6,2,True,
task6,4,hard,"In(banana,fridge)  & IsClosed(fridge) & IsClosed(cabinet) & On(book,breakfast_table)",False,13,0,5,6,2,True,
task6,4,easy,"In(wine,fridge)",False,123,0,10,6,3,True,
task6,4,medium,"In(book,cabinet) & In(pen,cabinet)  & IsOpened(fridge)",False,4798,0,10,6,3,True,
task6,4,hard,"In(banana,fridge)  & IsClosed(fridge) & IsClosed(cabinet) & On(book,breakfast_table)",False,5927,0,10,6,3,True,
task6,5,easy,"In(wine,fridge)",False,46,0,6,6,0,False,
task6,5,medium,"In(book,cabinet) & In(pen,cabinet)  & IsOpened(fridge)",True,1144,6,6,6,0,False,
task6,5,hard,"In(banana,fridge)  & IsClosed(fridge) & IsClosed(cabinet) & On(book,breakfast_table)",True,1593,6,6,6,0,False,
task6,5,easy,"In(wine,fridge)",True,91,3,7,6,1,True,
task6,5,medium,"In(book,cabinet) & In(pen,cabinet)  & IsOpened(fridge)",True,1144,6,7,6,1,True,
task6,5,hard,"In(banana,fridge)  & IsClosed(fridge) & IsClosed(cabinet) & On(book,breakfast_table)",True,1593,6,7,6,1,True,
task6,6,easy,"In(wine,fridge)",False,51,0,8,6,0,False,
task6,6,medium,"In(book,cabinet) & In(pen,cabinet)  & IsOpened(fridge)",True,1380,6,8,6,0,False,
task6,6,hard,"In(banana,fridge)  & IsClosed(fridge) & IsClosed(cabinet) & On(book,breakfast_table)",True,2389,6,8,6,0,False,
task6,6,easy,"In(wine,fridge)",False,52,0,5,6,1,True,
task6,6,medium,"In(book,cabinet) & In(pen,cabinet)  & IsOpened(fridge)",False,1347,0,5,6,1,True,
task6,6,hard,"In(banana,fridge)  & IsClosed(fridge) & IsClosed(cabinet) & On(book,breakfast_table)",False,2335,0,5,6,1,True,
task6,6,easy,"In(wine,fridge)",False,52,0,5,6,2,True,
task6,6,medium,"In(book,cabinet) & In(pen,cabinet)  & IsOpened(fridge)",False,1347,0,5,6,2,True,
task6,6,hard,"In(banana,fridge)  & IsClosed(fridge) & IsClosed(cabinet) & On(book,breakfast_table)",False,485,0,5,6,2,True,
task6,6,easy,"In(wine,fridge)",False,52,0,5,6,3,True,
task6,6,medium,"In(book,cabinet) & In(pen,cabinet)  & IsOpened(fridge)",False,1347,0,5,6,3,True,
task6,6,hard,"In(banana,fridge)  & IsClosed(fridge) & IsClosed(cabinet) & On(book,breakfast_table)",False,2335,0,5,6,3,True,
task6,7,easy,"In(wine,fridge)",False,58,0,6,6,0,False,
task6,7,medium,"In(book,cabinet) & In(pen,cabinet)  & IsOpened(fridge)",False,1262,0,6,6,0,False,
task6,7,hard,"In(banana,fridge)  & IsClosed(fridge) & IsClosed(cabinet) & On(book,breakfast_table)",False,2250,0,6,6,0,False,
task6,7,easy,"In(wine,fridge)",False,45,0,5,6,1,True,
task6,7,medium,"In(book,cabinet) & In(pen,cabinet)  & IsOpened(fridge)",False,642,0,5,6,1,True,
task6,7,hard,"In(banana,fridge)  & IsClosed(fridge) & IsClosed(cabinet) & On(book,breakfast_table)",False,1352,0,5,6,1,True,
task6,7,easy,"In(wine,fridge)",False,1,0,5,6,2,True,
task6,7,medium,"In(book,cabinet) & In(pen,cabinet)  & IsOpened(fridge)",False,3,0,5,6,2,True,
task6,7,hard,"In(banana,fridge)  & IsClosed(fridge) & IsClosed(cabinet) & On(book,breakfast_table)",False,13,0,5,6,2,True,
task6,7,easy,"In(wine,fridge)",False,45,0,5,6,3,True,
task6,7,medium,"In(book,cabinet) & In(pen,cabinet)  & IsOpened(fridge)",False,642,0,5,6,3,True,
task6,7,hard,"In(banana,fridge)  & IsClosed(fridge) & IsClosed(cabinet) & On(book,breakfast_table)",False,1352,0,5,6,3,True,
task6,8,easy,"In(wine,fridge)",False,51,0,6,6,0,False,
task6,8,medium,"In(book,cabinet) & In(pen,cabinet)  & IsOpened(fridge)",True,1328,6,6,6,0,False,
task6,8,hard,"In(banana,fridge)  & IsClosed(fridge) & IsClosed(cabinet) & On(book,breakfast_table)",True,2103,6,6,6,0,False,
task6,8,easy,"In(wine,fridge)",False,80,0,6,6,1,True,
task6,8,medium,"In(book,cabinet) & In(pen,cabinet)  & IsOpened(fridge)",False,1149,0,6,6,1,True,
task6,8,hard,"In(banana,fridge)  & IsClosed(fridge) & IsClosed(cabinet) & On(book,breakfast_table)",False,623,0,6,6,1,True,
task6,8,easy,"In(wine,fridge)",True,131,3,7,6,2,True,
task6,8,medium,"In(book,cabinet) & In(pen,cabinet)  & IsOpened(fridge)",True,4477,6,7,6,2,True,
task6,8,hard,"In(banana,fridge)  & IsClosed(fridge) & IsClosed(cabinet) & On(book,breakfast_table)",True,3155,6,7,6,2,True,
task6,9,easy,"In(wine,fridge)",False,69,0,5,6,0,False,
task6,9,medium,"In(book,cabinet) & In(pen,cabinet)  & IsOpened(fridge)",False,1547,0,5,6,0,False,
task6,9,hard,"In(banana,fridge)  & IsClosed(fridge) & IsClosed(cabinet) & On(book,breakfast_table)",False,2852,0,5,6,0,False,
task6,9,easy,"In(wine,fridge)",False,58,0,5,6,1,True,
task6,9,medium,"In(book,cabinet) & In(pen,cabinet)  & IsOpened(fridge)",False,1390,0,5,6,1,True,
task6,9,hard,"In(banana,fridge)  & IsClosed(fridge) & IsClosed(cabinet) & On(book,breakfast_table)",False,2596,0,5,6,1,True,
task6,9,easy,"In(wine,fridge)",False,58,0,5,6,2,True,
task6,9,medium,"In(book,cabinet) & In(pen,cabinet)  & IsOpened(fridge)",False,1390,0,5,6,2,True,
task6,9,hard,"In(banana,fridge)  & IsClosed(fridge) & IsClosed(cabinet) & On(book,breakfast_table)",False,2596,0,5,6,2,True,
task6,9,easy,"In(wine,fridge)",False,1,0,5,6,3,True,
task6,9,medium,"In(book,cabinet) & In(pen,cabinet)  & IsOpened(fridge)",False,3,0,5,6,3,True,
task6,9,hard,"In(banana,fridge)  & IsClosed(fridge) & IsClosed(cabinet) & On(book,breakfast_table)",False,13,0,5,6,3,True,
task6,10,easy,"In(wine,fridge)",False,31,0,5,6,0,False,
task6,10,medium,"In(book,cabinet) & In(pen,cabinet)  & IsOpened(fridge)",False,458,0,5,6,0,False,
task6,10,hard,"In(banana,fridge)  & IsClosed(fridge) & IsClosed(cabinet) & On(book,breakfast_table)",False,280,0,5,6,0,False,
task6,10,easy,"In(wine,fridge)",True,50,3,6,6,1,True,
task6,10,medium,"In(book,cabinet) & In(pen,cabinet)  & IsOpened(fridge)",True,437,6,6,6,1,True,
task6,10,hard,"In(banana,fridge)  & IsClosed(fridge) & IsClosed(cabinet) & On(book,breakfast_table)",True,744,6,6,6,1,True,
task7,1,easy,"In(chickenleg,oven) & IsSwitchedOn(oven) & In(pie,oven)",True,479,6,6,8,0,False,
task7,1,medium,"IsSwitchedOn(microwave) & In(soup,microwave) ",True,117,4,6,8,0,False,
task7,1,hard,"IsOpened(microwave) & IsOpened(oven) & IsSwitchedOn(light) & IsSwitchedOn(radio) & On(pie,breakfast_table)",False,65,0,6,8,0,False,
task7,1,easy,"In(chickenleg,oven) & IsSwitchedOn(oven) & In(pie,oven)",True,492,6,6,8,1,True,
task7,1,medium,"IsSwitchedOn(microwave) & In(soup,microwave) ",True,126,4,6,8,1,True,
task7,1,hard,"IsOpened(microwave) & IsOpened(oven) & IsSwitchedOn(light) & IsSwitchedOn(radio) & On(pie,breakfast_table)",True,2029,6,6,8,1,True,
task7,2,easy,"In(chickenleg,oven) & IsSwitchedOn(oven) & In(pie,oven)",True,765,6,5,8,0,False,
task7,2,medium,"IsSwitchedOn(microwave) & In(soup,microwave) ",True,187,4,5,8,0,False,
task7,2,hard,"IsOpened(microwave) & IsOpened(oven) & IsSwitchedOn(light) & IsSwitchedOn(radio) & On(pie,breakfast_table)",True,8875,6,5,8,0,False,
task7,3,easy,"In(chickenleg,oven) & IsSwitchedOn(oven) & In(pie,oven)",True,214,5,6,8,0,False,
task7,3,medium,"IsSwitchedOn(microwave) & In(soup,microwave) ",True,39,3,6,8,0,False,
task7,3,hard,"IsOpened(microwave) & IsOpened(oven) & IsSwitchedOn(light) & IsSwitchedOn(radio) & On(pie,breakfast_table)",True,9753,6,6,8,0,False,
task7,4,easy,"In(chickenleg,oven) & IsSwitchedOn(oven) & In(pie,oven)",True,454,6,5,8,0,False,
task7,4,medium,"IsSwitchedOn(microwave) & In(soup,microwave) ",True,118,4,5,8,0,False,
task7,4,hard,"IsOpened(microwave) & IsOpened(oven) & IsSwitchedOn(light) & IsSwitchedOn(radio) & On(pie,breakfast_table)",True,3047,6,5,8,0,False,
task7,5,easy,"In(chickenleg,oven) & IsSwitchedOn(oven) & In(pie,oven)",True,454,6,7,9,0,False,
task7,5,medium,"IsSwitchedOn(microwave) & In(soup,microwave) ",True,118,4,7,9,0,False,
task7,5,hard,"IsOpened(microwave) & IsOpened(oven) & IsSwitchedOn(light) & IsSwitchedOn(radio) & On(pie,breakfast_table)",True,3047,6,7,9,0,False,
task7,6,easy,"In(chickenleg,oven) & IsSwitchedOn(oven) & In(pie,oven)",True,337,6,5,8,0,False,
task7,6,medium,"IsSwitchedOn(microwave) & In(soup,microwave) ",True,78,4,5,8,0,False,
task7,6,hard,"IsOpened(microwave) & IsOpened(oven) & IsSwitchedOn(light) & IsSwitchedOn(radio) & On(pie,breakfast_table)",True,2029,6,5,8,0,False,
task7,7,easy,"In(chickenleg,oven) & IsSwitchedOn(oven) & In(pie,oven)",True,1143,6,9,8,0,False,
task7,7,medium,"IsSwitchedOn(microwave) & In(soup,microwave) ",True,294,4,9,8,0,False,
task7,7,hard,"IsOpened(microwave) & IsOpened(oven) & IsSwitchedOn(light) & IsSwitchedOn(radio) & On(pie,breakfast_table)",True,7873,6,9,8,0,False,
task7,8,easy,"In(chickenleg,oven) & IsSwitchedOn(oven) & In(pie,oven)",False,175,0,5,8,0,False,
task7,8,medium,"IsSwitchedOn(microwave) & In(soup,microwave) ",True,46,4,5,8,0,False,
task7,8,hard,"IsOpened(microwave) & IsOpened(oven) & IsSwitchedOn(light) & IsSwitchedOn(radio) & On(pie,breakfast_table)",True,1011,6,5,8,0,False,
task7,8,easy,"In(chickenleg,oven) & IsSwitchedOn(oven) & In(pie,oven)",True,454,6,5,8,1,True,
task7,8,medium,"IsSwitchedOn(microwave) & In(soup,microwave) ",True,118,4,5,8,1,True,
task7,8,hard,"IsOpened(microwave) & IsOpened(oven) & IsSwitchedOn(light) & IsSwitchedOn(radio) & On(pie,breakfast_table)",True,3047,6,5,8,1,True,
task7,9,easy,"In(chickenleg,oven) & IsSwitchedOn(oven) & In(pie,oven)",True,595,5,7,8,0,False,
task7,9,medium,"IsSwitchedOn(microwave) & In(soup,microwave) ",True,63,3,7,8,0,False,
task7,9,hard,"IsOpened(microwave) & IsOpened(oven) & IsSwitchedOn(light) & IsSwitchedOn(radio) & On(pie,breakfast_table)",False,4436,2,7,8,0,False,
task7,9,easy,"In(chickenleg,oven) & IsSwitchedOn(oven) & In(pie,oven)",True,241,5,7,8,1,True,
task7,9,medium,"IsSwitchedOn(microwave) & In(soup,microwave) ",True,49,3,7,8,1,True,
task7,9,hard,"IsOpened(microwave) & IsOpened(oven) & IsSwitchedOn(light) & IsSwitchedOn(radio) & On(pie,breakfast_table)",True,11272,6,7,8,1,True,
task7,10,easy,"In(chickenleg,oven) & IsSwitchedOn(oven) & In(pie,oven)",True,454,6,7,8,0,False,
task7,10,medium,"IsSwitchedOn(microwave) & In(soup,microwave) ",True,118,4,7,8,0,False,
task7,10,hard,"IsOpened(microwave) & IsOpened(oven) & IsSwitchedOn(light) & IsSwitchedOn(radio) & On(pie,breakfast_table)",True,3047,6,7,8,0,False,
