image_name,case_name,initial_state,objects,goal,feedback_times,success,expanded_num,act_num,action_lib_num,condition_lib_num,try_idx
lift_failure.png,case1_try1,"{'IsHandEmpty(right_robot)', 'IsHandEmpty(left_robot)', 'On(left_robot,left_table)', 'On(big_box,center_table)', 'On(right_robot,right_table)'}","{'left_table', 'left_robot', 'big_box', 'right_table', 'right_robot', 'center_table'}","On(big_box,board)",0,True,2,1,3,3,1
lift_failure.png,case1_try2,"{'IsHandEmpty(right_robot)', 'IsHandEmpty(left_robot)', 'On(left_robot,left_table)', 'On(big_box,center_table)', 'On(right_robot,right_table)'}","{'left_table', 'left_robot', 'big_box', 'right_table', 'right_robot', 'center_table'}","On(big_box,board)",0,True,3,2,2,3,2
lift_failure.png,case1_try3,"{'IsHandEmpty(right_robot)', 'IsHandEmpty(left_robot)', 'On(left_robot,left_table)', 'On(big_box,center_table)', 'On(right_robot,right_table)'}","{'left_table', 'left_robot', 'big_box', 'right_table', 'right_robot', 'center_table'}","On(big_box,board)",0,True,5,2,4,3,3
lift_failure.png,case1_try4,"{'IsHandEmpty(right_robot)', 'IsHandEmpty(left_robot)', 'On(left_robot,left_table)', 'On(big_box,center_table)', 'On(right_robot,right_table)'}","{'left_table', 'left_robot', 'big_box', 'right_table', 'right_robot', 'center_table'}","On(big_box,board)",0,True,6,2,6,3,4
lift_failure.png,case1_try5,"{'IsHandEmpty(right_robot)', 'IsHandEmpty(left_robot)', 'On(left_robot,left_table)', 'On(big_box,center_table)', 'On(right_robot,right_table)'}","{'left_table', 'left_robot', 'big_box', 'right_table', 'right_robot', 'center_table'}","On(big_box,board)",1,True,5,2,4,3,5
lift_failure.png,case1_try6,"{'IsHandEmpty(right_robot)', 'IsHandEmpty(left_robot)', 'On(left_robot,left_table)', 'On(big_box,center_table)', 'On(right_robot,right_table)'}","{'left_table', 'left_robot', 'big_box', 'right_table', 'right_robot', 'center_table'}","On(big_box,board)",0,True,3,2,3,3,6
lift_failure.png,case1_try7,"{'IsHandEmpty(right_robot)', 'IsHandEmpty(left_robot)', 'On(left_robot,left_table)', 'On(big_box,center_table)', 'On(right_robot,right_table)'}","{'left_table', 'left_robot', 'big_box', 'right_table', 'right_robot', 'center_table'}","On(big_box,board)",3,False,11,0,3,3,7
lift_failure.png,case1_try8,"{'IsHandEmpty(right_robot)', 'IsHandEmpty(left_robot)', 'On(left_robot,left_table)', 'On(big_box,center_table)', 'On(right_robot,right_table)'}","{'left_table', 'left_robot', 'big_box', 'right_table', 'right_robot', 'center_table'}","On(big_box,board)",0,True,8,2,5,3,8
lift_failure.png,case1_try9,"{'IsHandEmpty(right_robot)', 'IsHandEmpty(left_robot)', 'On(left_robot,left_table)', 'On(big_box,center_table)', 'On(right_robot,right_table)'}","{'left_table', 'left_robot', 'big_box', 'right_table', 'right_robot', 'center_table'}","On(big_box,board)",0,True,4,2,5,3,9
lift_failure.png,case1_try10,"{'IsHandEmpty(right_robot)', 'IsHandEmpty(left_robot)', 'On(left_robot,left_table)', 'On(big_box,center_table)', 'On(right_robot,right_table)'}","{'left_table', 'left_robot', 'big_box', 'right_table', 'right_robot', 'center_table'}","On(big_box,board)",0,True,7,2,5,3,10
